m.027qctq	Argentina
m.047qstq	Spain
m.03mgswn	Spain
m.02615yv	Argentina
m.0f0vq7	Brazil
m.06zt6jh	Serbia
m.0274mwz	Spain
m.0c03ck6	Ghana
m.0cc79tf	Argentina
m.0hznfr1	Italy
m.026kwsn	Italy
m.09v4m1_	Argentina
m.09gfz4m	France
m.0f8hy9	Spain
m.0_x5mp_	Spain
m.0g1176	France
m.0g9zxms	Chile
m.0272vm4	Argentina
m.026lbjf	Argentina
m.09gclzj	Spain
m.04t27r	Italy
m.0hzq3j3	Venezuela
m.026rzz8	Italy
m.0g5h4y	France
m.084px0	Lithuania
m.0kss6g	Italy
m.0h1gdr5	Italy
m.02rvdpd	Spain
m.086wv6	Switzerland
m.0crcjd9	Spain
m.0g2nt_	Italy
m.0h3xd8p	Spain
m.02x45g1	Uruguay
m.02rdcdn	Italy
m.03hm2_w	Ivory Coast
m.02pt11	Argentina
m.02wx7t	Argentina
m.08tmxn	Spain
m.02rnt3s	Italy
m.06v1b6	Italy
m.02qppxw	Spain
m.03m65z4	Switzerland
m.039jkr	Italy
m.02w8_8r	Chile
m.03grzwv	Argentina
m.0h_cfrt	Georgia
m.025yl9l	Italy
m.0380mj	Netherlands
m.02rld5h	Italy
m.04zvmfr	Portugal
m.03h1x_x	France
m.0c3tlnz	Spain
m.02rdqwr	Italy
m.06w333n	Spain
m.03m71kw	Venezuela
m.026tb73	Argentina
m.02rn3_d	Hungary
m.0g9_3t9	Serbia
m.0b6kd7l	Italy
m.0wy0yrt	Italy
m.04zxt0_	Spain
m.0fgw67	Italy
m.0d2r80	Italy
m.0fkf7s	Italy
m.09g7ryj	Spain
m.064prvj	Spain
m.03hjhb4	Italy
m.0b0pqb	Spain
m.0gy5qz	Uruguay
m.03_tf7	Germany
m.09ttwc	Serbia
m.0fp73t	Chile
m.0j28l3q	Italy
m.02wxpm	France
m.068q8j	Romania
m.0drzj4y	Spain
m.0dznsg	Spain
m.026c_s0	Italy
m.0wc2m1s	Argentina
m.03md09m	Albania
m.0ffc4w	Peru
m.02vqv97	Spain
m.02r61g4	France
m.0kfysjf	Uruguay
m.0b0_px	Spain
m.07nvmx	Australia
m.0gztbr	Uruguay
m.0k3k0z7	Croatia
m.02ry0__	Italy
m.0d5c57	Argentina
m.0g57kvs	Uruguay
m.051sff	Bulgaria
m.02pjclb	France
m.0vxgkr1	Spain
m.0clclm	Greece
m.02vwy0j	Brazil
m.02px_tw	Spain
m.09v3y9j	Italy
m.09gc6xv	Spain
m.03cgp9g	France
m.0gcfxk	Spain
m.0b0392	Argentina
m.03hk7b0	Ivory Coast
m.027ss6r	France
m.04jb6hp	Spain
m.027cwnw	Italy
m.0790dw	Italy
m.07scm5m	Croatia
m.027pnw2	Argentina
m.0f938z	Spain
m.07k5qlw	Spain
m.086lhd	Italy
m.0cdgm5	France
m.0t_cmrf	Italy
m.080jyvm	Central African Republic
m.026m0vx	Italy
m.06tvd3	Burundi
m.0hgnxh5	United Kingdom
m.0p3qf55	Portugal
m.0_qj45j	France
m.0bwft81	Italy
m.0swl9q0	Colombia
m.0642h81	Italy
m.0clcqv	Italy
m.09zvyq	Brazil
m.02wcg2t	Spain
m.0808240	Spain
m.0vxd5rg	Italy
m.0gyrvnh	Italy
m.0dytdk	Italy
m.0gxtcg	Bulgaria
m.02lfw5	Brazil
m.0k3k10z	Argentina
m.0fhhtg	Spain
m.02vs9yh	Serbia
m.0ffwqv	Italy
m.02w5ygt	Thailand
m.0d03kj	Italy
m.053gk_	France
m.026j6k6	Italy
m.0h3sllb	Italy
m.0bwj98k	Italy
m.0gy02q9	Italy
m.0cf665	Italy
m.0fhhtx	Spain
m.0ggj9c	Spain
m.0bv98r	Brazil
m.05szstk	Japan
m.09ggqd8	Argentina
m.011jpl09	Italy
m.05q52qr	Spain
m.09gjlmn	France
m.04yjdf	Ghana
m.02x4gzv	Venezuela
m.027c8bd	Italy
m.0277pjt	Montenegro
m.03mgt6n	Spain
m.0cnydkt	Brazil
m.0276r2x	Italy
m.0glq23h	France
m.0h3psy7	Spain
m.0h95l9c	Brazil
m.02rt434	Italy
m.02rypd5	Italy
m.02rnrds	Kosovo
m.0cny_2r	Spain
m.0270wk_	Spain
m.054t8h	Spain
m.0h64tjv	Peru
m.0f8gvy	Slovenia
m.0nd4xxp	Panama
m.0h7ljln	Spain
m.047frgg	Spain
m.05zpjdy	Spain
m.0g9ptx	France
m.08032p	Italy
m.0g0t0	Netherlands
m.03qgxrw	Uruguay
m.026t9cz	Argentina
m.05f80vn	Italy
m.02734np	Italy
m.0c11mj	Chile
m.01141bmw	Italy
m.07s7x73	Italy
m.0g9svc6	Italy
m.03ntkmp	Spain
m.027vlq8	Portugal
m.09v5398	Italy
m.0g_2rz	Italy
m.0100n5d7	Italy
m.026n0x_	Spain
m.0gyrcy	Italy
m.0g5sjjt	Italy
m.053tt2	Denmark
m.0g44tb	Italy
m.07vstq	Spain
m.0bqy6j	Italy
m.0br_6rf	Italy
m.0fjr69	Italy
m.02z9t1g	Italy
m.060s7s	Italy
m.026lhsw	Spain
m.03h1d66	Greece
m.026pqjf	Italy
m.0gvr36d	France
m.0fskfx	Brazil
m.03cdlrs	Italy
m.02ry053	Italy
m.05zt8hj	Chile
m.0h968vt	Italy
m.02jp6_	Spain
m.06llcl	Spain
m.02vzwp0	Spain
m.02rjn8v	Spain
m.02rjs3y	Spain
m.03hkfxy	Nigeria
m.0b90ch	Italy
m.04n_n6	Mexico
m.038pvw	Netherlands
m.026thhl	Argentina
m.0h3l66v	Serbia
m.027g4jg	Morocco
m.0jwykp6	Italy
m.0hrdrxp	Spain
m.03grzh3	Argentina
m.0dc1yg	Ecuador
m.036wtl	Italy
m.0gk728	Italy
m.04gv97f	Spain
m.0dzs2t	Italy
m.026sy_m	Italy
m.02rpnl9	Czech Republic
m.0_ylkcd	Brazil
m.02705ts	Italy
m.0cj1lh	Italy
m.0gyrx9q	Italy
m.02rqmt2	Spain
m.011115f_	Italy
m.03wd0vg	Iran
m.05f6gxm	Spain
m.0266dyg	France
m.050z_2	Spain
m.0415dw2	Latvia
m.04n1wvc	Italy
m.02ry0w3	Italy
m.0dgnwcy	Spain
m.0k2b1d9	Centre Region (Cameroon)
m.0fh03j	Italy
m.0bc15y	Netherlands
m.047n5x3	Spain
m.0jwxqn2	Italy
m.026tqn7	Argentina
m.0cvprn	Spain
m.0h7pnc2	Argentina
m.0100f11j	Italy
m.011g0zwl	Spain
m.027c72h	Italy
m.02qsk7b	Germany
m.0276s69	Italy
m.09g68rm	Uruguay
m.0793rl	Uruguay
m.08p_8_	Italy
m.027c7m0	Morocco
m.0dt2gj	Spain
m.0114w2s_	Spain
m.026cz9l	Venezuela
m.0h4wdy	France
m.07bsxg	Germany
m.0fkfqn	Slovakia
m.0c8_hb	Italy
m.02vt707	Brazil
m.06zltfc	Slovenia
m.0277ylh	Greece
m.03_g7r	Argentina
m.02wvhmj	Ivory Coast
m.02z3bn2	Argentina
m.05_px9	Germany
m.0_yh625	Ghana
m.056yc7	Scotland
m.056yc7	United Kingdom
m.0x0v5d4	Greece
m.03hm2fn	Argentina
m.072j74	United States
m.02rfjym	Italy
m.0gy134g	Uruguay
m.0n49bzr	Italy
m.036hcy	Portugal
m.04jhv0v	Spain
m.02vynfm	Spain
m.0x24h18	Spain
m.02750y6	Italy
m.0crfkwy	Italy
m.01ttk9t	Germany
m.0261pjy	Italy
m.05b4tfs	Spain
m.06vs58	France
m.04zwz33	Portugal
m.0j_3bv7	Italy
m.0glsl6f	Spain
m.051_pcp	Italy
m.0283j7t	Spain
m.02rnp0t	Italy
m.0wpbzdk	Spain
m.02r5gd	Bulgaria
m.027d178	Italy
m.0hhs94c	Spain
m.025ylwh	Italy
m.0q55h76	Spain
m.0m0jgnl	Spain
m.09v5wj4	Argentina
m.04gv6f9	Belgium
m.09g76ds	Spain
m.05q7chj	Italy
m.02vynnj	Spain
m.02qv04_	United States
m.03byqv4	Spain
m.09gn0tr	France
m.043sdhw	Italy
m.0ll50vj	Italy
m.02bfyx	Brazil
m.05zznv0	Argentina
m.0g9tnz0	Spain
m.0h65clm	France
m.026_w5l	Spain
m.03y8dfy	Paraguay
m.02vzt2j	Spain
m.0j65j_2	Italy
m.0fgnch	Italy
m.02vmm9m	Spain
m.04qrj1	Netherlands
m.02w6hw1	Mexico
m.0271mw2	Spain
m.04crfsk	Greece
m.02738l7	Italy
m.07kc3bz	Argentina
m.0b8h6z	Italy
m.0d8z4h	Northern Ireland
m.0d8z4h	United Kingdom
m.02r61pq	Italy
m.0d033h	Italy
m.05j_pk	Italy
m.03cl92y	Spain
m.043jrdl	France
m.05c4353	Italy
m.079j56	Uruguay
m.0d76bt	Ivory Coast
m.062gr5	Italy
m.0g61pr	Spain
m.0rytwyf	Argentina
m.0kd16	Spain
m.026_pd6	Spain
m.0ds40dk	Brazil
m.03mgvlb	Italy
m.0wxy8d3	Argentina
m.053nywt	Netherlands
m.0k0tymh	Belgium
m.0g_yt2	Spain
m.0b6k6mn	Nigeria
m.02vzcf6	Spain
m.043m8v4	Argentina
m.011nsd72	Italy
m.0g5sz92	Argentina
m.03d3xk_	Spain
m.0fpqny	Italy
m.0b6dh3y	Spain
m.0ksgtw	Italy
m.0crgjd1	Spain
m.04cwbt2	Spain
m.04gvzwg	Italy
m.09gpzbl	Spain
m.03wc5qy	Spain
m.011fdb1m	Italy
m.0kt0tb	Ghana
m.05sz9xl	Chile
m.053gv2	Germany
m.02rd98k	Italy
m.0264xwn	Spain
m.0h7pcz_	France
m.0g5783w	Italy
m.052hb6	Czech Republic
m.0j9pswj	Sweden
m.06vs8h	Iran
m.05zvlmq	Argentina
m.0bs2qb	Italy
m.07jdr9	Switzerland
m.0274p3w	Spain
m.043k4qt	Italy
m.027z3c7	Italy
m.0d5sc3	Serbia
m.0ch4x7s	Argentina
m.02x5_qf	Chile
m.04ldmjv	Spain
m.0cm_w3	South Africa
m.02qppht	Spain
m.04f1l01	Italy
m.0gpdl1	Sweden
m.0bs2zj7	Slovenia
m.09v2j81	Italy
m.0bs8zbt	Italy
m.026rczj	Argentina
m.0dxj6t	Spain
m.0gmkjj	Italy
m.053ymk	Italy
m.02rdp4c	Brazil
m.011ldvy0	Hungary
m.02x3v31	Honduras
m.0wfw_p1	Spain
m.03c3ndj	Italy
m.02724k3	Brazil
m.0fp_bkj	Italy
m.026721_	Spain
m.0wyb6jw	Italy
m.0fdfym	Italy
m.049xks	Spain
m.0f_7ns	Czech Republic
m.01ytcs	Italy
m.08p1qm	Croatia
m.09bvds	Italy
m.011nv2hf	Italy
m.0ds2bj9	Spain
m.02vqb5k	Brazil
m.03gry5f	Argentina
m.0wzs1q6	Italy
m.03hkjg1	Brazil
m.0274cr7	Brazil
m.02vyl7t	Spain
m.02q2wmv	Brazil
m.02v_hff	Spain
m.079pst	Spain
m.0fmr2z	Italy
m.026s2_k	Italy
m.0d78mq	Netherlands
m.0784_q	Turkey
m.02612mw	France
m.02rw39c	Uruguay
m.05zjh_1	Spain
m.073tms	Portugal
m.02x5qkg	France
m.0276qpv	Italy
m.076y51x	France
m.09t7_0	Kosovo
m.0dgnh19	Brazil
m.0n48fy7	Canada
m.07k3xrv	Spain
m.02rtpd6	Brazil
m.0b765hy	Spain
m.0wyymj5	Italy
m.0ft1ft	Algeria
m.04ygxvd	Argentina
m.0swl6yn	Spain
m.02q59ck	Spain
m.02ww3t7	Cameroon
m.0hzpj18	Italy
m.0d8njr	Chile
m.03mc955	Italy
m.02r4zqq	Spain
m.0s992h6	Italy
m.0gy1nc7	Italy
m.0py1t5d	Angola
m.03gs2qy	Angola
m.03884d	United Kingdom
m.0bqxbn	Italy
m.05l8bq	France
m.0brzn33	Italy
m.0gh3vm	Spain
m.0bwlhpb	Romania
m.026j4qd	Italy
m.027cljv	Spain
m.0bxzf5r	Italy
m.02vzsz1	Spain
m.0521fw9	Spain
m.0g3h7z	Greece
m.0272mds	Italy
m.0nfvqsy	Senegal
m.0ch0wxq	Mexico
m.0gvp62	Italy
m.030mch	Sweden
m.04dzth3	Italy
m.05f4w09	Uruguay
m.0d91dk	Romania
m.027x_1x	Italy
m.04f1lf0	Argentina
m.0kt12s	Italy
m.0g1r5h	Uruguay
m.07kg42z	Spain
m.027kzkb	Ivory Coast
m.02z9myf	Brazil
m.0czf8sm	Spain
m.06tgn6	United Kingdom
m.02rnbfx	Italy
m.02z6z44	Czech Republic
m.07qlf4	France
m.06w55xn	Italy
m.02v_c6p	Spain
m.07kcd24	Spain
m.026s75z	Italy
m.07k4t4r	Italy
m.02q_vw5	Italy
m.04_5xt	Italy
m.0p78354	Senegal
m.03c3fbt	Italy
m.0cylxn	Spain
m.026vfq9	France
m.0dd9c9g	Italy
m.030_wt	Italy
m.02v_04r	Switzerland
m.01ymr4	Turkey
m.0bwgc2d	Italy
m.027ptzd	Ecuador
m.0x17zhd	Spain
m.09s_zx	Italy
m.0g61c2	Spain
m.05zkx5b	Italy
m.0b6d03k	Portugal
m.04n29pd	Cameroon
m.0d519p	Italy
m.02r4rs7	Italy
m.0ddhbq3	Spain
m.0ctgj1	Mexico
m.0j26x5z	Uruguay
m.02pttk0	Republic of Macedonia
m.02vykgq	Spain
m.048sqk	Brazil
m.0b8s21	Italy
m.08vsqf	Spain
m.02_j0b	Colombia
m.04638nt	Italy
m.02vymwq	Spain
m.0fsys1	Italy
m.04n3pbq	San Marino
m.03ns652	Uruguay
m.0g9tt8q	Spain
m.09gpy8x	Argentina
m.09gd4ls	Spain
m.02rdd5t	Italy
m.027fksq	Spain
m.0gvqwzv	Nigeria
m.0cmdcg9	Brazil
m.026jn3j	Brazil
m.0l8nw_z	Spain
m.0h3tf1y	Italy
m.03czwlj	Argentina
m.027479p	Argentina
m.03nqdgk	Uruguay
m.0p6gp47	Italy
m.0b6lwsk	Spain
m.0k2hx0c	Italy
m.02885pf	Spain
m.0fgs93	Italy
m.0vxcq17	Italy
m.0bs0wgs	Italy
m.02wz00j	Italy
m.026n8h4	Uruguay
m.03gs_61	Spain
m.0116y___	Italy
m.0knwk2j	Italy
m.0g5ss5	Italy
m.0bgj5_	Argentina
m.0cp1gw_	Uruguay
m.08mfyy	Cameroon
m.0dxj3_	Spain
m.0cz9y12	Spain
m.0266wpt	Germany
m.07ks0x	Germany
m.0d2vmq	Germany
m.04gnk3h	Italy
m.09v8kw9	Italy
m.0ft3g7	Brazil
m.027d0h6	Italy
m.027q9y5	Italy
m.0cmcs_m	Italy
m.0w76j0y	Switzerland
m.02vztdv	Spain
m.0h520vg	Italy
m.09gc8v9	France
m.0gcfdc	Spain
m.0_yk08p	Italy
m.0gx_bbr	Italy
m.02rg9wz	Czech Republic
m.0h95qdn	Spain
m.05080t	Spain
m.043ptt4	Argentina
m.0hr6jcb	Spain
m.02qrm12	Spain
m.0gqrh2	Italy
m.03cjr54	Denmark
m.02726lv	Sweden
m.0dlq24	Netherlands
m.0463zlg	Italy
m.05f53b8	Italy
m.02rffjv	Italy
m.0ckrbl	Uruguay
m.08j0y1	Poland
m.0274q5k	Italy
m.0fsz82	Kosovo
m.026tw5h	Brazil
m.0ksvhl	Italy
m.02z55y5	Spain
m.02z22wt	Italy
m.02rdrhp	Italy
m.0d_lkd	Italy
m.02vzwcd	Spain
m.0h97skx	Italy
m.0jwz9p0	Slovenia
m.026c_t1	Slovakia
m.087n3s	Spain
m.0ndjv09	Spain
m.0fh1g0	Croatia
m.03d3f8h	Bosnia and Herzegovina
m.0nb67dt	Spain
m.0c9f62	Germany
m.0fmnry	Japan
m.07v0t1	Switzerland
m.047q28g	Spain
m.03gsgnx	Argentina
m.02w8_rw	Brazil
m.0gg50fb	Italy
m.04gt2bw	Italy
m.026q9y4	Italy
m.02rpwm7	France
m.02q_m48	France
m.06w6qqp	Republic of Macedonia
m.0gk435	Italy
m.0_g7h3q	Italy
m.02rp_3c	Italy
m.011bznht	Italy
m.0h3x5nh	Uruguay
m.0g70g6	France
m.0g9_3rx	Belgium
m.0cp0pvp	Italy
m.08vhzy	Brazil
m.026jfkf	Italy
m.04ygw94	Austria
m.053sw3	Netherlands
m.02z2dkz	Italy
m.0crctl1	Spain
m.04lf0xn	Brazil
m.0ksgz1	Italy
m.04rc16	Cameroon
m.062zv9	Italy
m.0fgv8q	Italy
m.026f4b4	Netherlands
m.011nv8_n	Italy
m.02ry_3h	Italy
m.02vznbx	Italy
m.0_yfmwh	Italy
m.027bv49	Italy
m.09qc65	Paraguay
m.0ztkjrd	Argentina
m.0fjwc4	Italy
m.0ghfm3	Spain
m.07y2sd	Poland
m.02vvq3w	Italy
m.05h2skp	Spain
m.0n49tcz	Italy
m.07pgl8	Australia
m.02rns9_	Chile
m.04n477n	Ghana
m.02pwvf7	Hungary
m.0chpwf	Argentina
m.0k2bprw	Italy
m.0gs_nz	Italy
m.04zwwsw	Romania
m.0cmbl1t	Nigeria
m.0h_9znk	Spain
m.0dscs0b	Italy
m.0dznv5	Spain
m.03wbz3j	Spain
m.0wqjgsd	Spain
m.02ry0nl	Italy
m.026ttth	Argentina
m.05fbnl8	Italy
m.0dzpf2	Italy
m.04dz7qh	Nigeria
m.05b5b41	Brazil
m.0hr2vyj	Italy
m.0nfvzpl	Italy
m.026r_76	Italy
m.04n5ht4	Venezuela
m.02r7nbr	Portugal
m.0czdp3n	Italy
m.04lgj73	Chile
m.06zllfh	Spain
m.0n90930	Italy
m.0x1c306	Spain
m.026_c05	Spain
m.07fpsd	Italy
m.06r338	Portugal
m.04q0k_t	Italy
m.0c_vrg	Argentina
m.07kfp9p	Spain
m.03d19z	Portugal
m.04n5dfx	Argentina
m.09gmzsw	Spain
m.05fb6c4	Senegal
m.09g7rdt	Spain
m.0261phx	Italy
m.0gfd_j2	Ghana
m.06zq4pr	Croatia
m.07nv3_	Australia
m.02713r0	Spain
m.05zvgjw	Bosnia and Herzegovina
m.0czcxcm	Slovakia
m.0crgwxd	France
m.04f_tvf	Spain
m.01d3l_	England
m.01d3l_	United Kingdom
m.0c0005l	Italy
m.03d2n1z	Germany
m.02pj1rf	Italy
m.02qz138	France
m.0g1j4j	Spain
m.0fp_65t	Argentina
m.0lqhqt7	Italy
m.0hrf7gk	Croatia
m.0fv6qd	Spain
m.04n6p2x	Argentina
m.026s6zd	Italy
m.02rlzgn	Italy
m.0_g_7dn	Italy
m.0gcwpy	Spain
m.08hn99	Italy
m.076w920	Italy
m.011m03gd	Italy
m.0640jn_	Slovakia
m.0t_cz7j	Spain
m.0g7t9w	Spain
m.02ww9mz	Spain
m.0641gd_	Spain
m.0264y14	Spain
m.0fqj06	Andorra
m.0fqj06	Spain
m.03h4y4g	Brazil
m.02z9q38	Italy
m.0j29v4m	Brazil
m.04zx_sf	Portugal
m.0j7kvkd	Italy
m.0fjrqg	Italy
m.0ksm1y	Brazil
m.02pqxdz	Argentina
m.026trz8	Argentina
m.027z43_	Italy
m.026mz0v	Italy
m.026d2ff	Chile
m.05p639w	Italy
m.0dm8ck	Czech Republic
m.0784rh	Colombia
m.03c8zsy	Italy
m.02w_nt	Czech Republic
m.0dm3d1	Serbia
m.026chmy	Peru
m.049xv_	Spain
m.0f240h	Japan
m.0g5sk6	Italy
m.02rff7x	Brazil
m.047rtg3	Spain
m.0d7w23	Argentina
m.07kfbn5	Slovenia
m.027b33j	Italy
m.02q_4h_	Romania
m.09k4jnr	Italy
m.064mpxx	Spain
m.03cr9cz	Italy
m.0fhm87	Kenya
m.0dy3m9	Spain
m.0h53bfj	Spain
m.0wdm9p_	Brazil
m.047m2nm	Spain
m.04y8804	Italy
m.02py076	Uruguay
m.02qsj_f	Argentina
m.02vpsp3	Italy
m.0261pgj	Italy
m.0bq9fp	Italy
m.0cb64b	Brazil
m.0cmdbxr	Italy
m.0brys12	Spain
m.0fgpnt	Italy
m.0x298k8	Spain
m.0f03jr	Italy
m.07z6n1	Argentina
m.0ds4q0y	Spain
m.0dry773	Italy
m.0dd8mzk	Venezuela
m.0h1dg9q	Uruguay
m.04y9690	Brazil
m.03c0rr1	Italy
m.0ch1rdx	Italy
m.02vp7xm	Italy
m.0262pw1	Argentina
m.0n4756c	France
m.0jxjzpg	The Gambia
m.01cp87	Poland
m.0g85lt	Portugal
m.02pb8d	France
m.0j7k6_t	Spain
m.0ks75q	Spain
m.02rp95j	Spain
m.03d4fbp	Brazil
m.0dd81m	Switzerland
m.09j028	Austria
m.0gccz4	Spain
m.0h_dm0y	Spain
m.026nwtt	Italy
m.08055vn	Spain
m.080bk2s	Argentina
m.09gl76t	Italy
m.0hhr7lg	Spain
m.02vxhf1	Italy
m.0fgtjg	Italy
m.09rsctf	Centre Region (Cameroon)
m.0ff6tl	France
m.0805rlw	Spain
m.0fcsbj	Italy
m.09g8yd	Republic of Ireland
m.0dgsmt5	Spain
m.0cf5_h	Italy
m.04zc91	Nigeria
m.04w6xn	Spain
m.098yr_	Italy
m.09gh6st	Spain
m.0bs92d0	Costa Rica
m.02vqvk4	Italy
m.0bwlkq8	Italy
m.03ccd58	Brazil
m.027d1ft	Italy
m.02wb3qk	Colombia
m.0287ywd	Mexico
m.02z9y0p	Italy
m.01146d_d	Italy
m.043sk89	Poland
m.0bjh5q	Mali
m.095t46	Spain
m.07srcr	Mali
m.09glkd5	Spain
m.03_g3d	Argentina
m.0gffnfk	Croatia
m.026zj2j	Spain
m.0d5sb0	Serbia
m.03mc_bb	Italy
m.080n_dz	Spain
m.0g5rpqy	Italy
m.04zwjmx	Uruguay
m.027mpcr	Italy
m.011bzltm	Italy
m.04jj9c0	Spain
m.0n47vbj	Italy
m.011nt_2p	Italy
m.0d_d8v	Italy
m.05zny93	Bolivia
m.02rqlf1	Croatia
m.0hr7nm1	Italy
m.0gx98q	Australia
m.0dhrqx	Israel
m.0ggbkjz	Slovenia
m.04n32r0	Spain
m.0frb9m	Spain
m.0bwws2	Argentina
m.05zjnqg	Italy
m.03mf0l0	Italy
m.0gzk4m	Paraguay
m.079phx	Spain
m.0cm7yp6	Italy
m.064nx7k	Sweden
m.03cjgmh	Georgia
m.0bs82vd	Austria
m.0fgsrg	Argentina
m.010r718n	Spain
m.04qgnj	Brazil
m.04n2321	Spain
m.0bwjt99	Italy
m.026zfrl	Spain
m.0n46myk	Italy
m.0gyrnlr	France
m.0ffy6h	Italy
m.0w6sdvg	Paraguay
m.0wr7t8c	Brazil
m.04666bn	Brazil
m.02ptcm1	France
m.0n473hl	France
m.0bh9z1l	Spain
m.0by162g	Italy
m.05q1t4	Guinea
m.03nql41	France
m.05nbll	France
m.0jky298	Spain
m.07cyt6	Spain
m.0h_d15k	Spain
m.0g5j0_	Italy
m.0py23xd	Spain
m.05c07q5	France
m.0dkccc	Romania
m.0286tpv	Spain
m.02vzsgk	Spain
m.0hzpyqt	Italy
m.02vy9sv	Brazil
m.0dxj4d	Spain
m.02q5q60	Italy
m.074yy0	France
m.0c_sb7	Spain
m.0g5t7d	Slovenia
m.0fq0n7	Spain
m.0gtxft9	France
m.027cbdg	Italy
m.0bkpxj	Argentina
m.09f3xw	Italy
m.0g6260	Spain
m.044brr	Italy
m.04jldrr	Spain
m.026q_m3	Italy
m.02z1zqb	Italy
m.0b5qz5	Spain
m.027w2ch	Spain
m.0wys3n2	Uruguay
m.04fp06	Spain
m.011nsdff	Italy
m.0283_ck	Spain
m.065xyqw	Argentina
m.01141rm8	Italy
m.05f95q3	Spain
m.03chfjk	Italy
m.076xs4c	Slovakia
m.0bh9str	Italy
m.03mb906	Italy
m.09gmg4q	Spain
m.07997q	Cameroon
m.07t5rg	Maule Region
m.02rnc1v	Italy
m.09gfdp_	Brazil
m.02qxt5w	Italy
m.0d03b4	Italy
m.049_rs	Portugal
m.0bqxqj	Italy
m.073rnr	Brazil
m.0m0nb2c	Colombia
m.076xw4_	Spain
m.0bsh2l	Italy
m.0fq2633	Italy
m.0pl4tb8	Argentina
m.0d772g	Ivory Coast
m.0t511v6	Spain
m.026gb12	Italy
m.01d3fc	Hungary
m.0gw_w4m	Montenegro
m.04m_sgt	Kosovo
m.03m7870	Netherlands
m.03cb_xk	Uruguay
m.043r0yc	Slovakia
m.0f2csd	Spain
m.0ksg7d	Italy
m.06w871n	Spain
m.01m4qj	Brazil
m.0808f8m	Italy
m.07s6v93	Italy
m.0ryv6kb	Spain
m.03m5111	Brazil
m.0h54jdn	Colombia
m.0kbhnds	Brazil
m.025w65l	Costa Rica
m.0ksryv	Uruguay
m.02w_jl	Suriname
m.0279mt5	Germany
m.0dkmfc	Spain
m.09y78j	Nigeria
m.02vym06	Spain
m.02rdxn0	Argentina
m.0d749q	Argentina
m.06zwl_	Poland
m.0dmv5	Netherlands
m.0dzsv5	Italy
m.02rqc1q	Spain
m.0cr4h8	Uruguay
m.042hcj	France
m.06420sn	Hungary
m.0g2780	Spain
m.02rt445	Spain
m.02wbp2s	Italy
m.02c7q	Argentina
m.0gg7k29	Colombia
m.05_y9_	Canada
m.0fq2dzn	Poland
m.0hndwwv	Italy
m.0wxz_k5	Paraguay
m.0_qf801	Brazil
m.0jzx9mq	Brazil
m.04jk0qq	Spain
m.02z9x77	Italy
m.0g57hc6	Argentina
m.0479f_5	France
m.026h1q9	Spain
m.026nqym	Italy
m.0lqsxg7	Spain
m.03qnqnk	Italy
m.0807nz6	Spain
m.0hhty9x	Brazil
m.02r2bnw	Argentina
m.02xbb1z	Italy
m.02pjykk	Nigeria
m.05zn275	Italy
m.099vgz	Argentina
m.04jcc9p	Romania
m.0k3nyfq	Brazil
m.09g89zk	Spain
m.026hgjt	Hungary
m.0_v5h9r	Spain
m.026r0pv	Italy
m.04_0k2_	Portugal
m.026zht7	Italy
m.0bx_5cd	France
m.027061p	Italy
m.02xt6q	Portugal
m.02qgm50	Ukraine
m.02qgm50	Zakarpattia Oblast
m.011f00n9	Spain
m.0g9zggh	Spain
m.0gmg0jt	Spain
m.07kd8tb	Spain
m.02z2gzx	Brazil
m.09gdw3w	Spain
m.05l91f	Cameroon
m.03cjlpz	Spain
m.02z4dfr	Argentina
m.0dxj62	Spain
m.07hj5c	Spain
m.026nl7c	Italy
m.026bs46	Australia
m.0cm81mk	Spain
m.09glpn6	Italy
m.0dt0zj	Austria
m.0dgr1v6	Italy
m.02rzbtc	Italy
m.02r9_yn	Brazil
m.0czdyp1	Serbia
m.0bqv40	Italy
m.09yk3b	Spain
m.02rkrbh	Argentina
m.027c6qf	Uruguay
m.07ddt3	Brazil
m.026d0dp	Brazil
m.05j05x	Italy
m.0g54pv_	Australia
m.0g3b2z	Greece
m.0k3mp34	Netherlands
m.0cz9qm7	Italy
m.0cny74m	Spain
m.07b7m5	Belarus
m.03qlh52	Italy
m.052hfl	Czech Republic
m.010lvmzy	Senegal
m.02rjpqk	Italy
m.05b3tm1	Honduras
m.0dzx45	Uruguay
m.0b691g	Spain
m.06qd79	South Africa
m.0gmc846	Spain
m.027vz3x	Spain
m.027cz1w	Argentina
m.0dxj6g	France
m.0bqx6r	Italy
m.02vvpv7	Italy
m.05p5kp_	Italy
m.04y76tj	Spain
m.0ddgw9	Brazil
m.03h5kh0	Uruguay
m.03d8z0l	Argentina
m.02vqfwt	Croatia
m.0ddh4vx	Portugal
m.02rmt9w	Italy
m.02vm96_	Poland
m.026mzdj	Italy
m.02x0tb9	Argentina
m.04z_7nt	Argentina
m.02vpdr1	Italy
m.0wp625d	Spain
m.043ftz	El Salvador
m.043ftz	Honduras
m.0bqwrt	Italy
m.02wbkyc	Italy
m.026cz4f	Spain
m.02wxdq	Brazil
m.04jj5nf	Spain
m.0gcr_t	Spain
m.027p_mq	France
m.051_v3m	Spain
m.0264kfn	Austria
m.0n537fx	Italy
m.09gh72b	Spain
m.05nbr5	Brazil
m.026nmw9	Italy
m.065z4ks	Greece
m.0w6dkfm	Croatia
m.0272m9p	Italy
m.0ngkv_4	Brazil
m.047t51l	Croatia
m.03hndzr	Italy
m.0477_	Argentina
m.02wx_h	Italy
m.02v_2tb	Switzerland
m.03crkdh	Argentina
m.0bq8lt	Italy
m.0c2rpf	Brazil
m.05msy4	Argentina
m.0cnxs1g	Spain
m.02v_g01	Spain
m.0bwljtg	Italy
m.0gx2bk9	Italy
m.0267252	Spain
m.0pl1kdg	Spain
m.0crfwtl	Spain
m.02ndg6	Chile
m.083qy7	Mexico
m.027cmt4	Spain
m.0ldq53x	Spain
m.03m9p4j	Italy
m.02z9psm	Argentina
m.080kwj9	Spain
m.03m6cq0	Spain
m.03cbwts	Spain
m.05zqzdf	Argentina
m.03c42sx	Argentina
m.0r4ylqd	Italy
m.02vykmw	Spain
m.026sswz	Denmark
m.026c_q_	Italy
m.09v216m	Italy
m.07c4gd	Spain
m.0nd411j	Ghana
m.04jl6l2	Spain
m.05b03mc	Italy
m.0kzk4	Mexico
m.0kwx1	Spain
m.05f9byq	Ecuador
m.0pd3wj8	South Africa
m.0b9047	Italy
m.03m85kf	France
m.03m666g	Italy
m.0bn5_5	Italy
m.02vlt90	Slovenia
m.0tkj_58	Germany
m.026d3lm	Chile
m.02pn957	Argentina
m.0pkz4mt	Argentina
m.0hnbs7w	France
m.02x037p	Spain
m.04grrr1	Spain
m.02pwk1f	Argentina
m.051xx9w	Spain
m.02vzqvn	Spain
m.08443f	Guatemala
m.02vy9tj	France
m.02rm79n	Italy
m.047mv4l	Spain
m.056x6j	France
m.02wvpz4	Argentina
m.0gyw0zm	Uruguay
m.0h98qt8	Italy
m.0f9x48	Spain
m.026dq80	Italy
m.03hjwy4	Mozambique
m.0ksvjq	Italy
m.026j59b	Senegal
m.0413jr7	Spain
m.0jt2lpn	Venezuela
m.03qjqxd	Uruguay
m.064msn9	Spain
m.07whnv	Turkey
m.03hnbpj	Serbia
m.04mzc7q	Switzerland
m.0hzqnh6	Italy
m.0_ygm8v	Italy
m.0d7_ld	Romania
m.09n4v0	Italy
m.0ktd_0	Italy
m.04jjw1k	Spain
m.0273r1g	Germany
m.0drw9z8	Brazil
m.01ywbz	Spain
m.09g8x64	Sweden
m.0fmks6	Germany
m.0fhpx7	Argentina
m.065zp_p	Spain
m.02q3s2r	Spain
m.02r8j59	Belgium
m.0klwb9s	Spain
m.043k0r3	Spain
m.02rxtmr	Croatia
m.039v21	Portugal
m.0l8qhs_	Nigeria
m.08b0cj	Sierra Leone
m.0ds7ply	Italy
m.07q9d5	Argentina
m.02vzcp3	Spain
m.0hzm5h3	Colombia
m.02706y5	Italy
m.08ylxl	Italy
m.03d8zpx	Argentina
m.02qppkj	Spain
m.0gysk0v	Italy
m.026s0b8	Italy
m.0b6jhs0	Republic of Macedonia
m.088zsw	Spain
m.0n521k4	Italy
m.09gpzcp	Spain
m.02r7140	Spain
m.0b683j	Netherlands
m.04ygn0p	Italy
m.0ffxzb	Italy
m.09ghlkh	France
m.02qgprc	Spain
m.07mrvh	Italy
m.05ynhf	France
m.02qt222	Argentina
m.0cm7sdp	Brazil
m.026f4lr	Uruguay
m.02vlrx9	Italy
m.0j26398	Italy
m.064jp7	Brazil
m.0d0368	Italy
m.0ftv4j	Italy
m.0264xzd	Spain
m.0dscbrv	Spain
m.03cjl58	Spain
m.0dxj7h	Spain
m.02z6srf	Argentina
m.09qt65	Netherlands
m.02r8yw9	Italy
m.02671jt	Spain
m.0261phk	Italy
m.0fdr98	Spain
m.08v68z	Denmark
m.08tn_5	Kosovo
m.0kmtl80	Spain
m.0fzgsh	Argentina
m.080g0yx	Argentina
m.05q5syn	Montenegro
m.02q3rzz	Spain
m.0ggn3d	Spain
m.0gmd6yx	Spain
m.05sxnkd	Italy
m.027c98b	Chile
m.0b6ltmn	Sweden
m.01hfh_	Senegal
m.0113_0kp	Italy
m.0b6l9qz	Nigeria
m.0bwhzgd	Italy
m.0dlkfbt	Ghana
m.080629v	France
m.0cny4_f	Colombia
m.0264yjz	Spain
m.04zwj64	Italy
m.0fdb72	Italy
m.03jb0t	Germany
m.026z2vk	Spain
m.0gj9v7w	Chile
m.0ccbf	Netherlands
m.0ddfwmc	Romania
m.0ngsf4l	Brazil
m.0fsdj0	Switzerland
m.03hlz66	Austria
m.02vzn7g	Italy
m.02wx8p	Argentina
m.02rsymf	Spain
m.026tbtp	Uruguay
m.037czm	Sweden
m.0274_cp	Italy
m.0l9tm3q	Angola
m.0b6jp6v	Brazil
m.0279nl8	Italy
m.0b6mxb1	Sweden
m.0wgwzg2	Colombia
m.0h94glm	Italy
m.0hht_bv	Spain
m.0p42kdy	Serbia
m.03mczqd	Italy
m.02r0g0n	Italy
m.0dbm3_	Spain
m.0h7mv38	Spain
m.03dwmn	France
m.0crc0y2	Italy
m.0h68br6	Spain
m.0270xl_	Spain
m.0100jnxh	Italy
m.06w2366	Argentina
m.06dgw9	Italy
m.0fc_gf	Italy
m.04mz743	France
m.03v8h8	Italy
m.026j5rf	Italy
m.03cdlp0	Spain
m.026t9pl	Sweden
m.0_869ns	Argentina
m.04qypj	Switzerland
m.0kcv4	France
m.09gmg5h	Spain
m.0by1j94	Italy
m.0gg6vgw	Spain
m.0fp_lss	Spain
m.0fqq0cz	Spain
m.09v1kjg	Serbia
m.02vq3kt	Uruguay
m.080chj5	Spain
m.04jbk8d	Spain
m.02vq1sc	Italy
m.0fpxdt	Belgium
m.026gq05	Serbia
m.02w5rlg	Spain
m.0bwfzyj	Italy
m.0f1kpp	Switzerland
m.04jgfm5	Spain
m.0dr247	Spain
m.0j7lcty	Spain
m.03wgs_g	Spain
m.0fmjtt	Spain
m.05f2xrs	Spain
m.03mbjgj	France
m.03cqvjq	Italy
m.02r33vt	Italy
m.026j4dd	Italy
m.0274p7_	Spain
m.0dp6kj	Brazil
m.011nh9j1	Brazil
m.0fq1xwh	Italy
m.0ggb7kf	Brazil
m.03cz3st	Spain
m.02wxcr	Brazil
m.06d6f	Italy
m.04xjpm	Italy
m.09k556r	Spain
m.02r4sns	Italy
m.0478ww8	Brazil
m.09g7z20	Spain
m.05pgj9	Italy
m.0d725h	Italy
m.0100nfwx	Italy
m.09gm4t0	France
m.02wy_xd	Colombia
m.0c3_jkf	Spain
m.0281kl0	Italy
m.0bbvt3z	Spain
m.02w31yh	Spain
m.0fjt0h	Italy
m.06yn0t	Uruguay
m.026th1v	Argentina
m.02w8cml	Italy
m.03nsc7j	Austria
m.0271y0h	Italy
m.027qh8g	Argentina
m.057gkw	Austria
m.09gpfgn	Greece
m.02qs36h	Belgium
m.0dsdkpg	Spain
m.06_wcst	Italy
m.04cx7kk	Spain
m.0fz5p4	Italy
m.071ns8	Serbia
m.08mpjq	Argentina
m.02vl_pz	Italy
m.0dgn34v	Brazil
m.02v_fv6	Spain
m.0834tp	Centre Region (Cameroon)
m.0hhsbgm	Italy
m.0k3nzd7	Italy
m.057t_jh	Spain
m.07l8f5	Mali
m.053xq5	Denmark
m.080dn2k	Italy
m.0ftwqg	Panama
m.02z3_zs	Croatia
m.03md065	Italy
m.02v_cr5	Spain
m.0f8dry	Spain
m.0fdf7r	Brazil
m.0j7jfjz	Italy
m.02rkftp	Denmark
m.026935n	Uruguay
m.0fgq5p	Italy
m.0dxj7v	Spain
m.0275mmr	Italy
m.04ycjc8	Italy
m.0gdc81	Italy
m.027vz_g	France
m.0270bc7	Switzerland
m.0fbl13	France
m.02rncf5	Italy
m.0g5rdrb	Burkina Faso
m.0bspmg	Italy
m.0k3ltrr	Montenegro
m.02q33n1	Montenegro
m.03wfswh	Ivory Coast
m.03y6jx	Spain
m.0b77shy	Spain
m.077976	Chile
m.0281k2k	Italy
m.03wh23x	Spain
m.02vl_n7	Italy
m.027tt73	Ivory Coast
m.0663jf	Poland
m.04q772d	Spain
m.027jpmq	Italy
m.07nk02	Germany
m.02qsjhm	France
m.08n8hf	Denmark
m.0dgrs2x	France
m.03gv4rq	Argentina
m.0j6430y	Italy
m.026c_n6	Italy
m.01153mgt	Ecuador
m.0g9zr9n	France
m.02x268y	Spain
m.026nd7w	Spain
m.07zp10	Spain
m.0hndvxv	France
m.04655x	Argentina
m.0j9p83w	Switzerland
m.05b4s6j	France
m.0fg1mz	Spain
m.09s029	Senegal
m.0gvsmrh	Portugal
m.02w69pq	Hungary
m.0ds5qn6	Spain
m.0bmf5c6	Bulgaria
m.04cw7zg	Paraguay
m.02rlkvr	Spain
m.02vzc1j	Spain
m.08j_wf	Poland
m.03cnl42	Germany
m.03d4mf4	Denmark
m.011j6kq2	Spain
m.05zq466	Brazil
m.09g6jp5	Spain
m.048v2f	Germany
m.06611fs	Spain
m.0fcsw7	Albania
m.027bw4z	Italy
m.0gywt6	Italy
m.02v_hjw	Spain
m.03gr5mv	Uruguay
m.027cm00	Spain
m.0gwzp4h	Italy
m.03cfr40	Argentina
m.02673s8	Brazil
m.0gjkqn	Spain
m.087jm1	Bolivia
m.0y4xh4y	Spain
m.0vxd7qp	Brazil
m.0bx__vk	Brazil
m.03cr8v0	Italy
m.0krw4p	Spain
m.03hl_10	Italy
m.0g0h93	Staffordshire
m.0g0h93	United Kingdom
m.0bq9_j	Italy
m.03hhkz_	Spain
m.0g2sz2	Italy
m.06mmrh	Spain
m.0j_4d5n	Uruguay
m.047s6kn	Argentina
m.080m9t1	Spain
m.04n35ql	Argentina
m.027pkxj	Uruguay
m.0ddlyn	Iran
m.0w76lpl	Italy
m.0dljpnq	Nigeria
m.0gk_wkn	Spain
m.02vzcvz	Spain
m.055kq6	Spain
m.04zjwv	Brazil
m.0h3rcxr	Spain
m.026r3hk	Argentina
m.03cxb4v	France
m.0_xcrgq	Senegal
m.0ckdw0	Italy
m.07tfzz	Spain
m.0cc5jkm	Colombia
m.0gfzj9	Panama
m.080dwcv	Uruguay
m.0zbwmgd	Italy
m.0tkdwg6	Uruguay
m.0fry41	Spain
m.0288nbh	Germany
m.026_y13	Brazil
m.0bwkrs2	Italy
m.02qfcy0	Spain
m.026bhqf	Portugal
m.0kr_8b	Spain
m.0g3hgj	Hungary
m.0czd60k	Angola
m.026cy_8	Serbia
m.0bqvhz	Italy
m.0dr1v9	Spain
m.0ds7wl0	Uruguay
m.053hk2	Montenegro
m.0t_f7jy	France
m.044mt0	United States
m.0fdbtd	Italy
m.03qlhcz	Italy
m.0bbz1_1	Brazil
m.0h3s01z	Spain
m.0261qjk	Argentina
m.026zlyr	Argentina
m.0982lw	Germany
m.03yd_l	United States
m.07zr38	Brazil
m.02qys_d	Brazil
m.0kt9f1	Spain
m.0n_jxf1	Italy
m.026r_32	Italy
m.027g4rp	Ukraine
m.01zn9q	Germany
m.076xvj2	Spain
m.0100sc6q	Italy
m.0271n18	Spain
m.0fxyxb	Spain
m.064nmkc	Ivory Coast
m.03qhhj7	Chile
m.0274qd2	Italy
m.0bmf_m3	Argentina
m.04gvqdn	Argentina
m.03nxgz3	Argentina
m.0g9w40s	Italy
m.0h3lc_w	Italy
m.0_yklfr	Morocco
m.0bs2h8	Italy
m.0fgqvp	Italy
m.02rz08z	Italy
m.08n6lt	Germany
m.0kmg7qh	France
m.02w89tv	Spain
m.03y8kgt	Italy
m.0gcwt1	Spain
m.0r3s40h	Italy
m.0zwqk48	Spain
m.03qdk3x	Ecuador
m.026g9y9	Italy
m.0p3j0st	Spain
m.0dzqlc	Italy
m.03hk7kb	Argentina
m.04ydmdb	Italy
m.0dbzw9	Italy
m.0lq1y2n	Spain
m.02vx3wm	Greece
m.027fklw	Bosnia and Herzegovina
m.047rw47	Italy
m.0gxz5br	Italy
m.026jc2n	Italy
m.027sv1w	Portugal
m.04jkp5x	Spain
m.0ksg9n	Italy
m.07kd5wh	France
m.03c8gp7	Argentina
m.0261pl_	Italy
m.02r60tw	Italy
m.02z691k	Bulgaria
m.011m0365	France
m.086m5k	Colombia
m.02rhqvr	Switzerland
m.02rybyt	Hungary
m.02vxjvg	Italy
m.0b6wff	Switzerland
m.0ggbc4b	Spain
m.07958_	Spain
m.026jnbr	Italy
m.0fqrw9g	Argentina
m.0fblvb	Brazil
m.03mc2pj	Italy
m.027d3ff	Argentina
m.03c9l_q	Italy
m.0bs3r23	Italy
m.0cmgfv	Brazil
m.0g0js0	Argentina
m.0fp7d_	Argentina
m.0h66ht4	Spain
m.0fj3_y	Italy
m.05nbh3	Italy
m.0h54m6z	France
m.0j65v08	Slovakia
m.0f8hlj	Spain
m.05f6snr	Spain
m.02rf29q	Portugal
m.0ksg98	Italy
m.0gkcf2	Italy
m.0czc8_k	Italy
m.07k9k6f	Spain
m.0wp9z71	Ghana
m.0clcnd	Italy
m.0fm8q4	Spain
m.03cfrgb	Argentina
m.02qzzqm	Spain
m.0vzrgv5	Guinea-Bissau
m.026zd7t	Spain
m.02qwpdp	Argentina
m.0ryvrxy	Italy
m.03_77y	Argentina
m.0743zk	Brazil
m.0h7kxzl	Spain
m.06s97f	Spain
m.0gg9pjd	Hungary
m.02rg837	Italy
m.02r61jx	Italy
m.02ptg0f	Switzerland
m.0gk_m2l	Uruguay
m.09k7kwh	Venezuela
m.0kslyf	Spain
m.0bwh0b5	Italy
m.053hfh	Germany
m.038pq5	Sweden
m.07k7ht5	Argentina
m.0kfyrj5	Uruguay
m.02758rb	Italy
m.02rmys3	Spain
m.063_fq7	Romania
m.0272qm6	Greece
m.03g66x	Uruguay
m.046y3	Netherlands
m.02pl00z	Spain
m.08vpbt	Spain
m.0cz9mcx	Senegal
m.04gq5s5	France
m.0cmd8df	Algeria
m.0j7lk5f	Italy
m.0cz6n9	Netherlands
m.05lw_1	Cameroon
m.0285j6k	France
m.0bs0pyc	Brazil
m.0ds6twn	Italy
m.0nfk6v1	Spain
m.027nrg	Germany
m.0gx26nd	Spain
m.0j7n66n	Sweden
m.0ch2s3s	Italy
m.0d761n	Ivory Coast
m.0gxg56	Italy
m.0jkz00z	Italy
m.0c2s1t	Brazil
m.026yvt1	Uruguay
m.0d910t	Romania
m.02vvqv6	Italy
m.02wcfk8	Colombia
m.0zrr4yq	Spain
m.0dxj85	Spain
m.025vwd0	Mozambique
m.0740tc	Spain
m.03npy_b	France
m.047kk6	Spain
m.02vqsrr	Italy
m.0czbwzs	Italy
m.0j63q44	Brazil
m.0fqm8pj	Spain
m.02z4dlx	Italy
m.0h3nrzl	Italy
m.0czc4rc	France
m.0yw_31n	Spain
m.0gl035k	Equatorial Guinea
m.0405f0y	Spain
m.0fq019q	Slovenia
m.02qwxpd	Spain
m.027d3y8	Italy
m.026yrvh	Spain
m.02qxxy0	Spain
m.09gjjzy	Spain
m.03c51z3	Spain
m.03byp_p	Uruguay
m.0d7jpv	Bulgaria
m.0jt6095	Italy
m.0d6hlq	Spain
m.026xrr9	Spain
m.07px07	Uruguay
m.02qckt1	France
m.02w8cqb	Italy
m.04gsq9j	Italy
m.0bckz9	Argentina
m.0gpjp3	Croatia
m.0rytzf8	Colombia
m.043px_7	Argentina
m.03h5kb3	Uruguay
m.09g97lt	Spain
m.0fx_yv	Spain
m.04dbhc	France
m.0fbmt5	Spain
m.04y6696	Spain
m.047ljg3	Spain
m.0p3gc_6	Italy
m.03d716j	Italy
m.0p6bhn3	Italy
m.0c1cfl	Argentina
m.0dln0xf	Brazil
m.0v3bwwx	Spain
m.04p44g	Paraguay
m.0h93z3m	Italy
m.0f930r	Spain
m.0n8_vvc	Spain
m.0h33cq	Serbia
m.063zzdj	Italy
m.04yjqf	Ghana
m.06j4vy	Spain
m.02rz41p	Italy
m.0ffpqr	Sweden
m.0d75x0	Argentina
m.0ftk83	Poland
m.0d3f83	France
m.0bs103j	Italy
m.0d4bh2	Netherlands
m.0114ltmz	Italy
m.0cg6rc	Nigeria
m.03mb334	Italy
m.027clxy	Spain
m.0kg2rb0	Guinea
m.03nxrdn	Romania
m.080jx1b	Denmark
m.027vbr3	Spain
m.02qwl0l	Brazil
m.06w2zjg	Spain
m.03qhcnp	Spain
m.0n_82fv	Spain
m.03xpr6	Spain
m.026nmd5	Italy
m.0cc84wk	Greece
m.09gb4ks	Spain
m.0hhrkbp	Spain
m.0bhc3py	Italy
m.03chbbh	Argentina
m.0qkt_wj	Albania
m.03d5299	Spain
m.03vjl6	Germany
m.0bhb0t1	Spain
m.03qlh19	Italy
m.08lp_d	Russia
m.02pjv0m	Spain
m.0hzrx1m	Italy
m.0crcqvm	Bosnia and Herzegovina
m.032xmd	Netherlands
m.09qtc2	Wales
m.09qtc2	United Kingdom
m.05nj7n	Belarus
m.0gy1jkz	Uruguay
m.02rwk05	Serbia
m.048mlh	Costa Rica
m.0f6zmq	France
m.04fj10	Argentina
m.0g5642_	Spain
m.03gvn2x	Argentina
m.02vzbb4	Spain
m.0bsm_j	Italy
m.0bmfcnx	Poland
m.099lj0	Italy
m.0r4jv52	Spain
m.0kmv7v0	Argentina
m.0h1ffg0	Chile
m.0h3s73l	Brazil
m.027gr_7	Slovenia
m.0kd4y0g	Belgium
m.0793k8	Spain
m.0jt3dvf	Romania
m.0jwxhsn	Turkey
m.0hzpxz9	Brazil
m.0xn7_d5	Spain
m.0gk9gb	Spain
m.0fl4cc	Romania
m.08v5gv	Norway
m.027rr1y	Venezuela
m.0h5463d	France
m.0wpbwd_	Spain
m.0_ylr6_	Italy
m.095rt5	Dominican Republic
m.02q1yvy	Spain
m.02vzbp4	Spain
m.0cp0_pj	Spain
m.02vpc77	Italy
m.0cq_ls	France
m.055fsg	Italy
m.0dsxkm	Spain
m.0j44t86	Brazil
m.02x91y5	Spain
m.0d_d7t	Brazil
m.0h3tkl2	Spain
m.0fgwk2	Italy
m.026x4gt	Slovenia
m.03czws0	Argentina
m.03h0_jp	Spain
m.09gbvrm	Uruguay
m.027b1r4	Brazil
m.02rdqyg	Italy
m.04gh8tw	Slovakia
m.0cc8x0x	Italy
m.03wg2dn	Spain
m.0fsyyb	Switzerland
m.0wbnlnz	Italy
m.09g79vb	Spain
m.0j3cwp6	Ghana
m.03gy65h	Italy
m.0r4v37m	Ghana
m.0j27bhq	Venezuela
m.0cp9s2	Argentina
m.0cz8q_h	Spain
m.027b5zp	Ivory Coast
m.0bqvpz	Italy
m.0cn_gmp	Uruguay
m.049_yr	Italy
m.0cz99w1	Brazil
m.02qszj9	Spain
m.02vprw7	Italy
m.026s1_l	Italy
m.070q4_	Austria
m.0274gc6	Italy
m.047fzyc	Romania
m.047lv7g	Italy
m.0cnx7c6	Spain
m.02x3fpm	Spain
m.06qjgc	Argentina
m.02pn3gq	France
m.0gkxskg	Italy
m.0ggkmc	Spain
m.0421bw7	Kosovo
m.02705my	Italy
m.053rh9b	Austria
m.025yll6	Italy
m.09grqq	Switzerland
m.0gndkj	Spain
m.027y0b3	Italy
m.02xbnmz	Brazil
m.0rf7dvw	Spain
m.03y94ht	Spain
m.0ngj_vz	Brazil
m.027c7dv	Italy
m.0hgqb9w	Mexico
m.02qm4sg	Spain
m.09gqj3y	Spain
m.0275_b5	Sweden
m.026mz6p	Italy
m.0dlkq4g	Italy
m.04kdvk	Argentina
m.08sqx8	Italy
m.0bq9vm	Italy
m.0h1hn_q	Croatia
m.02rfdh4	Italy
m.0g5g_b	Italy
m.0g5s740	Brazil
m.0g9y4j2	Saint Lucia
m.0421fcz	Bolivia
m.0h3366	Italy
m.0cmcbs8	Argentina
m.09v765	Nigeria
m.026zhsk	Spain
m.02vpr_q	Italy
m.0fgmfl	Italy
m.0j29dsn	Italy
m.0czc_j_	Italy
m.0ktdsl	Chile
m.09g76xl	Spain
m.0gc5w1	Uruguay
m.02r47wq	Spain
m.04651dc	Italy
m.0h7mz7m	Spain
m.0_x6dz2	Hungary
m.027cvtc	Spain
m.04d_72_	Brazil
m.0692r8	Sweden
m.0gh6sq8	Spain
m.02xcr_g	France
m.09v484d	Senegal
m.09v9ymb	Argentina
m.07kdtkj	Italy
m.049kdh	Portugal
m.025xsrq	Italy
m.07s8fg1	Spain
m.0dxj5q	Spain
m.02x8dgk	Spain
m.0ll0nzh	Ghana
m.0ll0nzh	Spain
m.031jqk	Portugal
m.0463rhy	Uruguay
m.02qq8yn	Brazil
m.0n_jc52	France
m.0gyk7s	Spain
m.08zpzz	Spain
m.0vxf15w	Spain
m.0h0khc	Senegal
m.04yjnl	Ghana
m.0n52mb0	Spain
m.0dy4xx	France
m.0j7n87w	Italy
m.0h662jz	Spain
m.02rm83f	Italy
m.0265759	Brazil
m.04y8njz	Colombia
m.05f48ff	Italy
m.07j7dy	Spain
m.0p6czb5	Senegal
m.0ngyhws	Italy
m.05b5fkj	Ghana
m.0cgwqr	Germany
m.09gcf6l	Spain
m.02q3mxg	Brazil
m.05lwtk	Centre Region (Cameroon)
m.05zhyq_	Italy
m.03hjp17	Czech Republic
m.0dvjp1	Brazil
m.0fvfxv	Spain
m.0hhq0dy	Croatia
m.0gtttxm	Spain
m.04n1ph6	Spain
m.03cz_bb	Spain
m.0w49rb6	Colombia
m.02vsdr_	Spain
m.0266jjn	Spain
m.02vndb_	Serbia
m.047bmnq	Serbia
m.0n5ww6q	Italy
m.027jp36	Italy
m.09gcszr	Spain
m.053tm4	United States
m.026z2jl	Spain
m.02v_fy_	Spain
m.0bqwk7	Italy
m.03_gh2	Argentina
m.027b23w	Italy
m.080p5r2	Spain
m.0g4510	Italy
m.0bs1xyj	Argentina
m.03m8fdt	Italy
m.05f6rth	Bosnia and Herzegovina
m.026p5sz	Italy
m.0bthkg	Italy
m.02vzndz	Argentina
m.0d93cf	Denmark
m.0hrd67y	Italy
m.02w8d86	Italy
m.0h3ppmn	Spain
m.07k8_1s	Italy
m.02wy12	Italy
m.03xpg0	Uruguay
m.02vy7s6	Czech Republic
m.0gx0vwf	Spain
m.03ybl8s	Spain
m.0blshd	Spain
m.02r0pbz	Italy
m.03qhd4v	Spain
m.0r8k686	Greece
m.02wxqv	Germany
m.02x6mk6	Australia
m.07k668m	Italy
m.026s23c	Hungary
m.027whx3	Senegal
m.02r6101	Italy
m.0gttf3r	Spain
m.03gt67l	Argentina
m.0gx_dp8	Ivory Coast
m.02745fj	Centre Region (Cameroon)
m.0682cw	France
m.0dgqh_2	Spain
m.0fjtw6	Italy
m.0h3w9pf	Senegal
m.03qhcc1	Spain
m.0100p_1t	Romania
m.0gk05_	Cameroon
m.0r4jvcq	Spain
m.05f6_3n	Uruguay
m.027cgrf	Italy
m.04066kh	Spain
m.0cmbp1n	Spain
m.0vpsb70	Portugal
m.0gy8qr	Turkey
m.02q_66n	France
m.026j68m	Italy
m.0276gd8	Colombia
m.07k5kwp	Spain
m.0fgqhf	Italy
m.0408jnv	Argentina
m.08w78j	Netherlands
m.0ks2xy	Italy
m.0h2lkz	Switzerland
m.0h_f6sm	Spain
m.0d931q	Denmark
m.0brzsz3	Italy
m.0114zcmm	Brazil
m.02rn7gq	Spain
m.0h7psgc	Venezuela
m.05zk5c4	Nigeria
m.06_wwsd	Spain
m.03crqjt	Greece
m.0108f83d	Centre Region (Cameroon)
m.0wc27vf	Italy
m.07d78d	Germany
m.03qcw4l	Spain
m.0g3h8_	Albania
m.03mdy8n	Venezuela
m.0h7llgk	Argentina
m.011kxw4v	Italy
m.0dd886	Switzerland
m.02pl8f2	Argentina
m.0277l93	Spain
m.0b6mxd6	Germany
m.09g71ds	Spain
m.026r291	Argentina
m.02vmjy9	Chile
m.06k_n8	Italy
m.02qnbm6	Brazil
m.0bnp1v	Italy
m.0fkh01	Ivory Coast
m.0tkgdgc	Ecuador
m.02r79x1	Argentina
m.0n48nsn	Spain
m.08hcd7	United Kingdom
m.0fzl7y	Spain
m.026kmvf	Brazil
m.0dxj57	Argentina
m.0nb2rlb	Serbia
m.027n78d	Spain
m.02r9gz3	Spain
m.0hgmb26	Argentina
m.02v_h4h	Spain
m.01142df4	Italy
m.043rmn7	Brazil
m.03mb9ys	Angola
m.02y_kzs	Uruguay
m.02vzb7d	Spain
m.04j9hhm	Italy
m.0gx_mf0	Poland
m.01yt5p	Argentina
m.0bv7_5	Nigeria
m.05b2j_q	Sweden
m.0p7c01h	Argentina
m.04ym68	Mexico
m.02vl_t2	Italy
m.06w1bd2	Israel
m.0k0tqg0	Italy
m.03ch4wy	Brazil
m.0g541fj	France
m.02z31py	Portugal
m.09glyb2	Spain
m.026c_v2	Italy
m.03c8n28	Uruguay
m.05f59_q	Italy
m.09g7rlb	Spain
m.0dgrh_r	Brazil
m.011478w8	Netherlands
m.0pl4rp4	Argentina
m.0zrn984	Mali
m.0g28fv	Italy
m.07zqqh	Spain
m.027svz2	France
m.0wyntnv	Spain
m.05p0dzw	Italy
m.02rvkkf	Italy
m.043r2g5	Italy
m.03gryl5	Argentina
m.0czc52c	Italy
m.0br_nw7	Italy
m.0hzr4s3	Italy
m.03yncfw	Brazil
m.02qk1kq	Italy
m.02vzq_3	Spain
m.02vp6v7	Italy
m.0fqsj65	Sweden
m.02vvv0t	Italy
m.026xv7s	Romania
m.0d8pg1	Austria
m.027r872	Argentina
m.026qvf9	Argentina
m.026s7d4	Nigeria
m.0dr_b61	Spain
m.03cjr0	Greece
m.040661n	Spain
m.0bwg4fn	Italy
m.043kv7g	Italy
m.0fxx3h	Spain
m.0fj4tf	Italy
m.0rfc859	Italy
m.03hk723	Uganda
m.0ks7_h	Argentina
m.03cgq1g	Italy
m.09v5v_6	Senegal
m.0h3msjt	Spain
m.07kgh_9	France
m.02qskx2	Italy
m.09g76pg	Spain
m.0ddftpf	Poland
m.0gm8f7	Spain
m.03mh673	Spain
m.0gjf1hn	Colombia
m.0bgj2w	Argentina
m.05yybh	Italy
m.0gk_qcs	Italy
m.0krfmj	Spain
m.05f7_bp	Kosovo
m.02rntht	Italy
m.0jwx1g8	Denmark
m.03md0vt	Brazil
m.01hwh9	Italy
m.0hr3v4b	Italy
m.0kryv1	Germany
m.02q3z4w	Argentina
m.0bw7fm	Portugal
m.03d240t	Spain
m.0gk1xj	Slovenia
m.025ylcn	Italy
m.0gk87p	Italy
m.09v2kxq	Portugal
m.0d2k41	Italy
m.02q8bhn	Italy
m.04mrnq	Argentina
m.0llv5zs	Spain
m.0k2lb44	Italy
m.027cmcc	Spain
m.0gg7nt	Italy
m.027rr4b	Italy
m.0287nrs	Estonia
m.0gfg416	Italy
m.0ll1jcq	Spain
m.0hhqw	Brazil
m.03np4dn	Spain
m.07d5c4	Croatia
m.05h39b5	Czech Republic
m.02wy2p	Italy
m.02x2rd8	Chile
m.0_gd4cy	Colombia
m.04g21gv	Brazil
m.02r9zx9	Brazil
m.0c02p91	Spain
m.0dy2gm	Spain
m.047dddf	Spain
m.04jnzlj	Venezuela
m.09v3n2v	Spain
m.02x25jg	Israel
m.0glcbh	Spain
m.03hpfvw	Switzerland
m.09g7swf	Spain
m.03npyky	Spain
m.02vx1n1	Ivory Coast
m.02vy8d4	Spain
m.0kmdz4t	Spain
m.02r3t0j	France
m.0gq0m4	Spain
m.047txdv	Spain
m.0czb0l9	Bulgaria
m.02rn7p7	Italy
m.04pq80	France
m.073kk7	Netherlands
m.0g5_45	Brazil
m.0g54cgt	Spain
m.0bs63y7	Italy
m.0dxj4v	Spain
m.027ksxr	Argentina
m.05x1zq	France
m.0gjgc9	France
m.027w_96	Spain
m.03ch0zt	Argentina
m.02vm85z	Uruguay
m.05f3_pl	Ivory Coast
m.027vbtw	Spain
m.03cz_w5	Spain
m.026_wdg	Spain
m.02v__0d	Peru
m.0270wj8	Spain
m.0c75f2	Spain
m.027zz7d	Spain
m.0h3n4hg	Greece
m.0gl599	Romania
m.027c77b	Germany
m.04y6d5n	Argentina
m.0gg8_h1	Italy
m.03mf7fd	Uruguay
m.05p5g01	Italy
m.026m03_	Brazil
m.04msvg	Paraguay
m.0cw_rl	Argentina
m.07skpb	Netherlands
m.026f2zv	Spain
m.011479f8	Italy
m.0j9pzdy	Spain
m.02697mr	Colombia
m.07vt9d	Spain
m.03hk3bv	Italy
m.02w4fwb	Brazil
m.0h1c7rt	Italy
m.02wvn9x	Argentina
m.0c2rr7	France
m.0gl285	Slovenia
m.02860_9	Poland
m.0fkqdc	Italy
m.0bc7nb	Italy
m.0cmd5dh	Albania
m.026ckx5	Portugal
m.084xdc	Mexico
m.02686yy	Nigeria
m.02rz05w	Italy
m.027bq6p	Argentina
m.026cz6h	Sweden
m.0gpt7b	Italy
m.02vzsrj	Spain
m.0bkz59	Brazil
m.04ctfl7	France
m.04f4r89	Colombia
m.04gsykh	Italy
m.0gl0dzd	Spain
m.02z3k3g	Bosnia and Herzegovina
m.026mzxp	Switzerland
m.0405990	Spain
m.0g9_l_f	Spain
m.0gsksn	Spain
m.02qqs0y	Italy
m.0pkvbq3	Argentina
m.0fq7y7	Burundi
m.02qfv40	Netherlands
m.02w3qhz	Greece
m.07fq_t	Spain
m.0g94r4	Germany
m.02rf301	Germany
m.027c7pf	Brazil
m.0285_b0	Ghana
m.03gz3_4	Italy
m.0d7_xj	Spain
m.0wkm9qz	Spain
m.0274n46	Spain
m.0ds3gmx	Italy
m.026gpvp	Serbia
m.02vmr39	Italy
m.0p4bj0c	Canada
m.0g1k2y	Spain
m.026s15t	Italy
m.0_g8d67	Slovenia
m.026b0rc	Brazil
m.0fjsn8	Brazil
m.0416wtw	Croatia
m.026jfvc	Italy
m.0d_60r	Italy
m.09g6c4t	Spain
m.0g3h9p	Greece
m.07t5lv	Republic of Macedonia
m.03rs_x	Wales
m.03rs_x	United Kingdom
m.0cnzgd5	Bulgaria
m.0478yp0	Switzerland
m.0807qj7	Netherlands
m.02815jr	Spain
m.09gns2s	Italy
m.0bhbvjn	Italy
m.02q_r_q	Brazil
m.02rzc29	Spain
m.03gzkrb	Italy
m.026mgbq	Italy
m.03bny4	Greece
m.027qyl3	Italy
m.0lq1_4q	Italy
m.03gwfwy	Argentina
m.02x5btp	Switzerland
m.026xb6d	Italy
m.02ry_8n	Italy
m.0fg04w	Italy
m.05pywn	France
m.05fb0m4	Uruguay
m.079zbc	Italy
m.03h5y00	Uruguay
m.05myxw	Brazil
m.02rr7g0	Argentina
m.03bfqn	Portugal
m.04gtvgr	Ghana
m.03gthfw	Croatia
m.04n2r39	Uruguay
m.02vqsk6	Italy
m.0dgp20w	Spain
m.05zlvc6	Morocco
m.0gtt2k0	Guinea
m.0ddgcf	Spain
m.0dlkl2z	Austria
m.04fz_gy	Germany
m.03stt5	Spain
m.02qlpcd	Brazil
m.0j3g2p4	Italy
m.02d9k	United Kingdom
m.05f8v_s	Italy
m.04gjy24	Ghana
m.0g58tc5	Venezuela
m.0417hvr	Uruguay
m.0pl3kvr	France
m.01ldst	Suriname
m.08_mt7	Israel
m.084qjy	Italy
m.0276rfk	Italy
m.064q4zz	Spain
m.0f6j9x	Belgium
m.02r20v4	Spain
m.07cgrs	Cameroon
m.0fcx_0	Italy
m.0drzbl8	Netherlands
m.0h1ghz4	Italy
m.03gslwb	Italy
m.04gn8lx	Argentina
m.02vy85z	Spain
m.04mzkwv	Belgium
m.02qc00s	Venezuela
m.0fx_cl	Argentina
m.03c7qst	Austria
m.02r61v5	Italy
m.0gk5lj	Italy
m.0h3lcrf	Italy
m.0h1h206	Uruguay
m.04zxd32	Portugal
m.02y_k5b	Uruguay
m.0bwhxf5	Italy
m.03qhcth	Spain
m.0k3lqjp	Colombia
m.011jk9x_	Spain
m.027pq9w	Italy
m.0c6pz2	Italy
m.0gwrmh	France
m.0n49vvd	Argentina
m.080fz0s	Spain
m.06w92my	Sweden
m.0d0w2n	Poland
m.09vyb6	Ghana
m.0hnd_lb	Italy
m.03y8j9b	Italy
m.0vpmdp5	Spain
m.0bwkzt1	Italy
m.0wyb72k	Italy
m.0fq0mcx	Italy
m.0gmf9j0	Spain
m.02r2jjl	Italy
m.03qkh1q	Italy
m.0c01bf1	Italy
m.056_vxv	Argentina
m.02pg_js	Senegal
m.0_ym_6y	Bolivia
m.02qppnm	Spain
m.0bwh_sc	Italy
m.0h7lys2	Argentina
m.04_08hd	Argentina
m.03d1pls	Serbia
m.026xnxv	Poland
m.09gplgd	Spain
m.03fs4t	Germany
m.026jgtp	Italy
m.07k5_33	Venezuela
m.0vxcwf9	Panama
m.026nltz	Italy
m.03gsw5g	Spain
m.07kb3dt	Algeria
m.026mzp3	Italy
m.04jkxt8	France
m.06406yw	Spain
m.0j273gr	Poland
m.0ffvcl	Italy
m.026rztt	Italy
m.080jmtv	Italy
m.0577bd	Spain
m.02z53lz	Belarus
m.0261pmp	France
m.0dm9ln	Spain
m.027cgy8	Italy
m.0rpjnv2	Italy
m.027fxgn	Sweden
m.011jpw2q	Spain
m.04gn4sw	Italy
m.07kc4x_	Spain
m.039kn	United Kingdom
m.0fqn2ng	Spain
m.0bxzx5c	Italy
m.0kst5k	Chile
m.03mczzn	Italy
m.0hhqkq2	Spain
m.06q13l	Lebanon
m.0bwg30v	Ghana
m.037hw8	Colombia
m.026d0lj	Italy
m.02wcwjz	Colombia
m.0ngyhtc	Italy
m.0405bn6	Venezuela
m.0wr5js1	Spain
m.0279spr	Italy
m.04n0jww	Honduras
m.02vzbh9	Spain
m.09m3fs	Argentina
m.03cr906	Italy
m.0273b6w	Argentina
m.04jjzrt	Spain
m.0p7c8st	Bulgaria
m.0ffyw8	Italy
m.02qz__w	Slovenia
m.034xvd	Brazil
m.0j_6472	Italy
m.0h7qn1	Brazil
m.0h97svv	Italy
m.026mzlc	Italy
m.03d6469	Peru
m.027mq3g	Italy
m.0fbm_v	Spain
m.0nbnkgh	Spain
m.0gvvhrh	France
m.0h1d6td	Italy
m.0l8h53d	Spain
m.0czdbdj	Croatia
m.052h9r	Czech Republic
m.04d_5z3	United States
m.05b1lzt	France
m.036gbz	Italy
m.0g0_l4	Germany
m.0r4njn0	France
m.05p1wnd	Spain
m.0gywnhc	Italy
m.0276q9g	Italy
m.012x9d	Italy
m.02rjv9r	Argentina
m.026nb9l	Italy
m.04qnp6	France
m.0wsm5r8	Uruguay
m.0h56m1_	Peru
m.0d8g8k	Brazil
m.041x65	France
m.025zjfr	France
m.07zqhm	Argentina
m.02vzsn2	Spain
m.09bb65	Spain
m.0fpxmc	Denmark
m.05zq4bb	Paraguay
m.069z6y	Senegal
m.026jgl2	Italy
m.0273cp1	Italy
m.0gls2_	Spain
m.0fftmc	Brazil
m.0ftvd3	Croatia
m.0g3hds	Italy
m.0ffvqf	Italy
m.0gc0s6	Sweden
m.02vpry_	Italy
m.02vy7hz	Spain
m.02qjy62	Mali
m.02q596r	Spain
m.0k8wy3f	Uruguay
m.02qlz8l	Spain
m.03b_876	Bosnia and Herzegovina
m.0bwk1lw	Italy
m.0h7n_98	Italy
m.04f_tck	Italy
m.027x7zw	Uruguay
m.0gzjrj	Spain
m.0cly1v	Spain
m.078892	Argentina
m.0wbnhx0	Italy
m.03hnt63	Ghana
m.07k9_hn	Spain
m.027npww	Denmark
m.047spkx	France
m.0gy11f4	Honduras
m.0w378rd	France
m.0570y1b	Spain
m.0h54mn2	Spain
m.04mxkqk	Belgium
m.0hhrfx6	Spain
m.03crb9f	Italy
m.027mm2j	Italy
m.0wxqzw1	Argentina
m.0gf3l4	France
m.0cm8v3y	France
m.04cvy1x	Brazil
m.03hjwsp	Greece
m.0p3r767	Italy
m.027571p	Germany
m.03mcx5l	Italy
m.0gywq6m	United Kingdom
m.0gg6csb	Croatia
m.02w_tj	Liberia
m.02v_d1v	Spain
m.0b6gnvq	Spain
m.02rwsr2	Brazil
m.026bl45	Spain
m.02rz0vh	Argentina
m.03nrp__	Uruguay
m.02w8cjh	Italy
m.02rnstt	Italy
m.0bh7rbm	Mexico
m.0fgnr9	Ghana
m.06s7dm	Spain
m.0g5624k	France
m.047ns7x	Spain
m.0gkwqh	Italy
m.0412r90	Italy
m.0h3r5xw	Spain
m.0d2zv4	Brazil
m.0805vxk	Belgium
m.09gjbh9	Spain
m.02z0vcc	Sweden
m.026gfpp	Italy
m.0dw60v	Spain
m.07fk8s	Colombia
m.027d1vj	Argentina
m.026_88c	Italy
m.037rfd	Bulgaria
m.05bznj3	Argentina
m.0bgj7t	Argentina
m.0h3wvd	Italy
m.0kslhy	Argentina
m.026mz9s	Italy
m.0_fq0bd	Australia
m.0b6mn3l	Brazil
m.064p34k	Centre Region (Cameroon)
m.0bbvn2q	Italy
m.0gsy4d	Brazil
m.02rgssj	Peru
m.0fh_cg	Mexico
m.0cnxy6k	Spain
m.0ll4tyr	Spain
m.0g54rs2	Bosnia and Herzegovina
m.026j534	Ghana
m.0b6ndv0	Guinea-Bissau
m.09wwz2	Paraguay
m.04gm9nr	Italy
m.03nnv4t	Brazil
m.0hr56b8	Italy
m.0274fqk	Italy
m.027dbz8	Peru
m.0gs843	Brazil
m.076tpf6	Italy
m.0gc8_q	Spain
m.05zm2p9	Nigeria
m.02r47l2	Spain
m.0fgpz3	Italy
m.02w_qj	Turkey
m.0h_f2sm	Spain
m.02q86x5	Australia
m.0gmt9_	France
m.03d78wp	Argentina
m.0gp6tp	Germany
m.03wgwzf	Uruguay
m.027cqd7	Uruguay
m.03d9f2t	Argentina
m.0t_fm_6	Spain
m.0bnlnt	Italy
m.04qdxq	Germany
m.05299n	Croatia
m.0ndwy6g	Serbia
m.0brzt0r	Italy
m.03f0vp	Netherlands
m.04_14kh	Morocco
m.0hhrvgk	Italy
m.02r7s11	Portugal
m.04511t	Germany
m.0h7mldm	Spain
m.0ddc67p	Italy
m.03npynb	France
m.0lhh8m1	Spain
m.0263yz0	Nigeria
m.0bqfb2	Italy
m.0c07mn	France
m.0gy0dqs	Italy
m.05c2fnl	Italy
m.0g9wzvj	Uruguay
m.0ktb41	Italy
m.05mr76r	France
m.0hgpgwg	Italy
m.0f1jxs	Switzerland
m.0k0r9fh	Italy
m.0c6m94	Italy
m.07k613n	Switzerland
m.0bnntz	Italy
m.026tgqg	Argentina
m.05fct1	Brazil
m.0gvrg0d	Kosovo
m.06w4ryq	Slovenia
m.03d28hc	Spain
m.07rnwd	Uzbekistan
m.05zwmsv	Italy
m.0d5x2q	Togo
m.0dzyp6	Argentina
m.0kt2my	Spain
m.0kst0_	Chile
m.0bqx1d	Italy
m.0cc8wry	Montenegro
m.09rth3m	Spain
m.0406pjd	Spain
m.02wcydt	Italy
m.0kvclh4	Senegal
m.02qsk3x	Switzerland
m.0gljxv	Uruguay
m.0wyj7fv	Italy
m.09gm320	Spain
m.04ygnyd	France
m.02vpt5m	Italy
m.057fjl	Spain
m.0cc7vc6	Spain
m.0gfgp_w	Romania
m.03c_vy_	Bulgaria
m.020h87	Netherlands
m.07r2zg	Uruguay
m.0bncdn	Italy
m.0ch4587	Argentina
m.0cmd0yc	Brazil
m.0288989	San Marino
m.0bqwy2	Italy
m.08yn0j	France
m.076wp1x	Italy
m.08vg2z	France
m.083y9_	Brazil
m.0bmh04j	Brazil
m.0br_4p_	Italy
m.05206vm	Italy
m.0j9pm9t	Bulgaria
m.07vfqj	South Korea
m.0csm4d	Mexico
m.0261qhw	Italy
m.02vxjzz	Italy
m.09x3sm	Netherlands
m.0g5rpkx	Brazil
m.0_ymbtw	Argentina
m.0knwgrh	Portugal
m.02739xw	Italy
m.0glclb	Spain
m.03c_15t	Argentina
m.026zj80	Spain
m.0280yxj	Italy
m.026zn0g	Spain
m.05c1k_n	Italy
m.02qsnx0	Brazil
m.02706n7	Italy
m.05jt13	Georgia
m.0bs68x9	Italy
m.0100nv4s	Greece
m.05f961h	Italy
m.0bs8wn2	Ghana
m.02pl00m	Spain
m.0h67vt4	Spain
m.02rll0l	Spain
m.0cr8v3	Spain
m.026nlg8	Italy
m.0gf43t	Suriname
m.076fdt	Ghana
m.0bbth99	Centre Region (Cameroon)
m.04zz6qq	Italy
m.0h1dlfz	Italy
m.0g7kgy	Italy
m.027hj33	Brazil
m.04qv66	Brazil
m.0j3dl_h	Ghana
m.0y423vr	Italy
m.03d8tlb	France
m.085sfw	Angola
m.03ckr51	Italy
m.0fctp1	Italy
m.0c8qsl	Scotland
m.0c8qsl	United Kingdom
m.02vzqmf	Spain
m.0gx_4jy	Sweden
m.02vnwg2	Spain
m.05h2524	Spain
m.080mzg4	Spain
m.07k8jv7	Spain
m.02rg7xq	Italy
m.09k6gb	Canada
m.04n550h	France
m.0h1dlf6	Spain
m.03yvsf	Spain
m.07r4yf	Democratic Republic of the Congo
m.05c0dw1	Italy
m.0h64t80	Italy
m.09s8vj	Italy
m.02q_jy2	France
m.04bq0_	United States
m.026s0db	Italy
m.02plmws	Spain
m.027j3t2	Switzerland
m.0h3rrqx	Uruguay
m.09gpdyv	Spain
m.04zvybm	Italy
m.02ry18y	Italy
m.0kd4y5h	Morocco
m.02wzcvc	Switzerland
m.0gg743c	Spain
m.07frws	Ghana
m.0p7621p	Brazil
m.0fqhsj	Italy
m.059zg8	Switzerland
m.0dt349	Austria
m.0wy0qhj	Italy
m.02wx527	Italy
m.0g0pbg	Italy
m.06w4zj_	Spain
m.0ddxtx	France
m.047v2yr	Spain
m.04ms48	Argentina
m.0ljt094	Spain
m.0272qcn	Greece
m.02rb8tm	Netherlands
m.0b6nrnr	Switzerland
m.02q_vn_	Italy
m.0g6pgz	Israel
m.04cykd2	Slovakia
m.04ghgt8	Uruguay
m.04n64g3	Argentina
m.06w8l30	Romania
m.09ggv_h	Spain
m.0dcjgf	Ecuador
m.05mthth	Spain
m.084183	Paraguay
m.046r4k	Bosnia and Herzegovina
m.0406m71	Spain
m.0cvr72	Spain
m.038ps1	Netherlands
m.0402tg	Austria
m.0tkg984	Italy
m.0271my4	Spain
m.062z1k	Italy
m.0bh5mz	Romania
m.0gt_h4	Italy
m.0805l8g	Spain
m.0gg8zt9	Guinea-Bissau
m.0fz75q	Uruguay
m.0h3w8gt	Spain
m.0pw3bnw	Brazil
m.0b6mynr	Spain
m.010fhk3h	Ghana
m.08rzcp	Italy
m.0fc95n	Chile
m.0pcfszb	Italy
m.0z6sgrx	Spain
m.0dsn3w	Spain
m.02q2jw9	Serbia
m.02rh2qx	Chile
m.0gtmlz	Andorra
m.0bnl63	Spain
m.0v3f3cf	Spain
m.0270wp2	Spain
m.02rn6y7	Italy
m.049_3b	Brazil
m.02wb1z	Croatia
m.02w9_9	Argentina
m.05h7vp	Uruguay
m.09gjydb	Spain
m.0d61ln	Switzerland
m.0b73zxl	Italy
m.0wyb2cr	Costa Rica
m.0ggjqc	Spain
m.027c6y_	Italy
m.02v_fdt	Italy
m.0h1bxrx	Italy
m.0g3b2m	Czech Republic
m.0dfc_w	Republic of Macedonia
m.02vyn2z	Spain
m.0gtx2x0	Brazil
m.0h3rp5w	Italy
m.02rb1s2	Austria
m.0gtv69n	Egypt
m.02pjyym	Spain
m.0c4hn_	Italy
m.043kcq9	Uruguay
m.0fdbkd	Italy
m.04dj4r	Romania
m.0100qvl_	Italy
m.0272rk3	Italy
m.027cl53	Spain
m.0264xs6	Spain
m.02r4849	Spain
m.0n4z8qm	Colombia
m.06pzf6	Switzerland
m.06_wqkh	Monaco
m.08tk51	Brazil
m.0bgrrr	Argentina
m.05ns87	Italy
m.02vzs7b	Spain
m.0b77dsx	Paraguay
m.01g562	France
m.09gcndm	Switzerland
m.02vqwt0	Italy
m.03c7t_w	Italy
m.09k6_qr	Spain
m.0wbhj43	Italy
m.0g9wjvh	Brazil
m.085jnm	Italy
m.02qzz1_	Spain
m.04lgp_c	Serbia
m.0c00g4_	Nigeria
m.084qfd	Italy
m.06mt5g	Brazil
m.0f9wqy	Spain
m.03m6b2g	Spain
m.08gwzt	Netherlands
m.02rgvb0	Peru
m.079dn_	Spain
m.027mn3j	Italy
m.0cmb128	Spain
m.0j3sfvf	France
m.02rm62s	Spain
m.03dvdx	Netherlands
m.0dp1lq	Argentina
m.02723k4	Italy
m.0r8l_3l	Croatia
m.07mnsj	Italy
m.026xzlp	Italy
m.0dxfxf	Morocco
m.0h63qwg	Argentina
m.064qtvt	Colombia
m.0wy0m6c	Ghana
m.0fpy1b	Netherlands
m.0j2b2b8	Italy
m.05zx1d6	Sweden
m.0b_zypb	Brazil
m.02pr_5y	Chile
m.027cmgh	Spain
m.010wgm_r	Spain
m.0gyx4y8	Georgia
m.04y38k	Paraguay
m.0gmfxht	Spain
m.0276qtm	Poland
m.0h1rc6	Italy
m.02vy7xb	Spain
m.02ppy99	Spain
m.06hlwr	Italy
m.09_wpp	Portugal
m.0ksypm	France
m.0ngg4d0	Brazil
m.0fq0v8m	France
m.0402rg	Germany
m.0j9kts6	Italy
m.09gn7q5	Argentina
m.062m1j	Italy
m.02rqqp7	Brazil
m.089zk_	Argentina
m.06w5j9r	Spain
m.04ygky_	Slovakia
m.03d7288	Italy
m.0404djw	Spain
m.04_0wkc	Brazil
m.0bs7qtn	Italy
m.0fsdw1	Switzerland
m.0kfx49q	Italy
m.0h3mxgt	Guinea
m.04bq7g	Austria
m.0ksr6x	Uruguay
m.0f8hcx	Spain
m.01j8z_	Poland
m.02z309l	France
m.0fqrxty	Kazakhstan
m.0h1fw7c	Italy
m.05f81hl	Brazil
m.026xvls	Italy
m.02qv9gn	Brazil
m.03wf559	Serbia
m.076v_9p	Spain
m.027m464	Italy
m.02ryp7c	Italy
m.03mfrg9	Slovenia
m.010pgfv8	Italy
m.02vlqgy	Italy
m.0crdf9c	Italy
m.0h_9lxn	Gabon
m.02wxzm	Italy
m.02x5379	Cameroon
m.02rnnxb	Italy
m.04jk4d8	Italy
m.05zmhbl	Spain
m.0f_bkm	France
m.0284c9b	Italy
m.0g3hfv	Italy
m.0cc54tv	Switzerland
m.0gcc0s	Spain
m.0gc6st	Spain
m.03m9nqq	Italy
m.02y0dd	Republic of Ireland
m.0c0pz6	Bosnia and Herzegovina
m.0g5rptk	Italy
m.0jwrm5k	Argentina
m.03hjh71	Brazil
m.0ksh74	Germany
m.04dc7f	Brazil
m.0522tb3	Italy
m.02qk2g7	Poland
m.0fkhy7	Spain
m.076t_b_	France
m.0fcnw6	Chile
m.026s0nl	Italy
m.062z2q	Italy
m.0cqptw	Spain
m.0ck0fqd	Spain
m.0gx06rl	Poland
m.026cl86	Spain
m.0bwm7bf	Italy
m.0b79kv	Italy
m.055dzt	Italy
m.0633fw	Israel
m.0793gq	Spain
m.06zkncm	Slovenia
m.0h66d29	Italy
m.02vlcd1	Venezuela
m.0fqg_0	Mali
m.03h5lq8	Italy
m.04fj3j	Argentina
m.0287z50	Italy
m.0hzrc9d	Uruguay
m.0g3j9k	Brazil
m.0dgfy7	Mexico
m.027tl2v	Uruguay
m.04z69t	Italy
m.08q415	Colombia
m.09glc01	Spain
m.03m669q	Italy
m.072105	Germany
m.08vgzg	France
m.0j6473r	Spain
m.025yp85	Italy
m.04z_7ph	Spain
m.080h67b	Spain
m.07hhy5	Spain
m.04jkj61	Argentina
m.07r4j1	Togo
m.03crbnf	Italy
m.03byq66	Spain
m.0p7g3ky	Italy
m.0dlm6r	Argentina
m.0gfd_3r	Uruguay
m.02w86d5	Serbia
m.0f7t5m	Portugal
m.0v3bsy6	Serbia
m.02z197d	Italy
m.0glp6j1	France
m.0g7pk9	Italy
m.026mz4z	Italy
m.04cyzy4	Czech Republic
m.0bv8j6	Italy
m.07sq1s	Ivory Coast
m.01c5vs	Switzerland
m.0lqfpgz	Ghana
m.02z4081	Bosnia and Herzegovina
m.037rdk	United Kingdom
m.04_0_z_	France
m.03wftl_	Ghana
m.05233z6	Netherlands
m.02rkvm3	Argentina
m.07k63hg	Italy
m.0l8lj0b	Cameroon
m.04n3bcf	Spain
m.0cvqfq	Spain
m.06w79mb	Italy
m.027kkvh	Albania
m.03m7176	Slovenia
m.02r86wr	Spain
m.0d517j	Italy
m.0gkyzb9	Slovenia
m.02r7xsf	Spain
m.04q3257	Italy
m.047lsm4	Spain
m.02q3bn7	Spain
m.0bxp96	Uruguay
m.0h_d6my	Spain
m.03gvnwl	Belgium
m.0hnch9g	Argentina
m.02qpwbd	Argentina
m.051l0v	Brazil
m.02q7qjn	Italy
m.043k6hj	Colombia
m.03cc6r0	Chile
m.04y6gyl	Serbia
m.0czbxlw	Italy
m.0s8y08s	Ghana
m.09by9j	Germany
m.080hb23	Spain
m.0r3w7zs	Slovenia
m.0ds8xnv	Italy
m.026z9cn	Spain
m.03gs_m3	Spain
m.0g9v5pr	Spain
m.03c0rdr	Italy
m.04f_lbr	Italy
m.0jt3yxr	Italy
m.03hjyw5	Brazil
m.0ngyhwd	Italy
m.09hc0c	Brazil
m.0wg0mn2	Italy
m.0286xpd	Italy
m.027d1lm	Italy
m.0cmf04v	Spain
m.0_yhfdx	Italy
m.03c4mkg	Croatia
m.0_xdg08	Brazil
m.051_wyc	Italy
m.03hm30x	Spain
m.0b6g8pf	Colombia
m.02q5tx2	Chile
m.0264xpt	Spain
m.0d5y7_	Italy
m.01wd11	Romania
m.02qtwls	Italy
m.0gzj9_	Brazil
m.051w961	Austria
m.02rr9rn	Spain
m.0274mg6	Spain
m.0h94_q0	Italy
m.0116yzlx	Italy
m.04glkd6	Italy
m.0gy6sf	Italy
m.0dt0sg	Germany
m.0n4c04_	Italy
m.0114m3ht	Colombia
m.05f6vml	Italy
m.0gkbxj	France
m.052227	Bulgaria
m.03qhf_w	Spain
m.04fvc2	Venezuela
m.012xdy	Italy
m.0ccvm_	Denmark
m.05z1yg	Italy
m.026s3qy	Italy
m.0ksld4	Argentina
m.0glq14k	Spain
m.0bspdd	Italy
m.0fvfv2	Israel
m.02z64tq	France
m.08bkmt	Italy
m.02w_9y4	Uruguay
m.0p6_ywg	Italy
m.0g1hj4	Spain
